Project,AuthorID,CommentCount,IssueCount,Ranking
WICKET,15673,2950,1510,VHIGH
WICKET,154,1936,1209,VHIGH
WICKET,16156,885,616,VHIGH
WICKET,16019,699,435,VHIGH
WICKET,2820,575,309,VHIGH
WICKET,16289,502,277,VHIGH
WICKET,3224,377,284,VHIGH
WICKET,16324,367,217,VHIGH
WICKET,1491,317,148,VHIGH
WICKET,1708,311,155,VHIGH
WICKET,16863,308,207,VHIGH
WICKET,16988,291,158,VHIGH
WICKET,15679,226,107,HIGH
WICKET,2172,194,113,HIGH
WICKET,16389,174,117,HIGH
WICKET,15329,142,61,HIGH
WICKET,16370,140,88,HIGH
WICKET,15717,136,102,HIGH
WICKET,3862,125,73,HIGH
WICKET,15672,114,41,HIGH
WICKET,874,112,70,HIGH
WICKET,15674,110,39,HIGH
WICKET,3883,98,35,HIGH
WICKET,4104,98,42,HIGH
WICKET,15534,93,28,HIGH
WICKET,3083,80,39,HIGH
WICKET,15879,62,20,HIGH
WICKET,15682,59,25,HIGH
WICKET,16228,57,32,HIGH
WICKET,15701,54,27,HIGH
WICKET,2956,50,22,HIGH
WICKET,15691,49,12,HIGH
WICKET,15698,48,22,HIGH
WICKET,16990,46,14,HIGH
WICKET,15690,45,14,HIGH
WICKET,15851,43,26,HIGH
WICKET,14872,41,10,HIGH
WICKET,16285,41,26,HIGH
WICKET,15699,41,24,HIGH
WICKET,16115,40,2,HIGH
WICKET,2790,39,19,HIGH
WICKET,16199,35,11,HIGH
WICKET,586,34,11,HIGH
WICKET,3436,34,13,HIGH
WICKET,16263,33,18,HIGH
WICKET,16233,33,22,HIGH
WICKET,15829,33,16,HIGH
WICKET,3127,32,19,HIGH
WICKET,3000,30,6,HIGH
WICKET,16929,29,3,HIGH
WICKET,15812,29,16,HIGH
WICKET,2545,28,16,HIGH
WICKET,192,27,11,HIGH
WICKET,7138,27,17,HIGH
WICKET,16488,27,16,HIGH
WICKET,16999,26,12,HIGH
WICKET,15784,25,11,HIGH
WICKET,15704,25,18,HIGH
WICKET,16566,25,10,HIGH
WICKET,16803,24,7,HIGH
WICKET,15706,23,15,HIGH
WICKET,16905,23,11,HIGH
WICKET,16103,23,4,HIGH
WICKET,9323,23,13,HIGH
WICKET,16812,23,14,HIGH
WICKET,15757,23,10,HIGH
WICKET,16265,23,6,HIGH
WICKET,15718,22,10,HIGH
WICKET,2277,22,8,HIGH
WICKET,15969,21,8,HIGH
WICKET,16128,21,12,HIGH
WICKET,15703,21,12,HIGH
WICKET,16818,21,12,HIGH
WICKET,4709,21,12,HIGH
WICKET,214,20,10,HIGH
WICKET,16815,20,12,HIGH
WICKET,15719,20,8,HIGH
WICKET,16112,20,3,HIGH
WICKET,16066,20,3,HIGH
WICKET,16694,20,12,HIGH
WICKET,15897,19,10,HIGH
WICKET,15724,19,3,HIGH
WICKET,142,19,6,HIGH
WICKET,2180,19,12,HIGH
WICKET,206,18,10,HIGH
WICKET,15792,18,13,HIGH
WICKET,16749,18,9,HIGH
WICKET,16839,18,9,HIGH
WICKET,15982,18,6,HIGH
WICKET,16041,18,12,HIGH
WICKET,216,18,8,HIGH
WICKET,16500,18,8,HIGH
WICKET,16407,17,10,HIGH
WICKET,16242,17,11,HIGH
WICKET,1659,17,5,HIGH
WICKET,15767,17,7,HIGH
WICKET,16629,17,6,HIGH
WICKET,16016,16,8,HIGH
WICKET,16581,16,12,HIGH
WICKET,15846,16,10,HIGH
WICKET,16215,16,7,HIGH
WICKET,6115,16,8,HIGH
WICKET,16793,16,14,HIGH
WICKET,16204,15,3,HIGH
WICKET,2533,15,5,HIGH
WICKET,15827,15,5,HIGH
WICKET,16636,15,4,HIGH
WICKET,16106,15,7,HIGH
WICKET,3394,15,4,HIGH
WICKET,1701,14,5,HIGH
WICKET,16329,14,6,HIGH
WICKET,15763,14,4,HIGH
WICKET,16950,14,9,HIGH
WICKET,16341,14,2,HIGH
WICKET,3187,14,5,HIGH
WICKET,853,14,6,HIGH
WICKET,16111,13,3,STD
WICKET,16102,13,12,STD
WICKET,16761,13,1,STD
WICKET,16189,13,10,STD
WICKET,4304,13,3,STD
WICKET,16756,13,6,STD
WICKET,16339,13,5,STD
WICKET,15779,13,9,STD
WICKET,16704,13,8,STD
WICKET,16043,13,2,STD
WICKET,15891,13,9,STD
WICKET,15993,13,6,STD
WICKET,16455,13,7,STD
WICKET,5593,13,6,STD
WICKET,15791,13,9,STD
WICKET,16951,12,8,STD
WICKET,2998,12,8,STD
WICKET,17020,12,7,STD
WICKET,15824,12,7,STD
WICKET,16012,12,5,STD
WICKET,16166,12,8,STD
WICKET,16811,12,6,STD
WICKET,16780,12,9,STD
WICKET,16021,12,4,STD
WICKET,16771,12,7,STD
WICKET,15705,12,5,STD
WICKET,16008,12,5,STD
WICKET,17053,12,2,STD
WICKET,16050,12,7,STD
WICKET,16129,11,10,STD
WICKET,15731,11,5,STD
WICKET,15736,11,4,STD
WICKET,16804,11,4,STD
WICKET,642,11,7,STD
WICKET,16234,11,4,STD
WICKET,16437,11,2,STD
WICKET,3767,11,6,STD
WICKET,16302,11,5,STD
WICKET,15951,11,8,STD
WICKET,15906,11,5,STD
WICKET,9039,11,6,STD
WICKET,16484,11,5,STD
WICKET,15715,11,9,STD
WICKET,16280,10,7,STD
WICKET,2536,10,5,STD
WICKET,16659,10,5,STD
WICKET,15677,10,4,STD
WICKET,15836,10,3,STD
WICKET,7222,10,6,STD
WICKET,15774,10,5,STD
WICKET,16174,10,7,STD
WICKET,16062,10,5,STD
WICKET,16676,9,2,STD
WICKET,15709,9,5,STD
WICKET,15950,9,3,STD
WICKET,6091,9,4,STD
WICKET,2506,9,3,STD
WICKET,16799,9,6,STD
WICKET,15898,9,6,STD
WICKET,16754,9,6,STD
WICKET,15697,9,4,STD
WICKET,15964,9,4,STD
WICKET,5741,9,7,STD
WICKET,16143,9,4,STD
WICKET,16359,9,3,STD
WICKET,1115,9,2,STD
WICKET,892,9,4,STD
WICKET,16054,9,5,STD
WICKET,16827,9,5,STD
WICKET,1620,9,7,STD
WICKET,15878,9,4,STD
WICKET,15798,9,5,STD
WICKET,15870,9,4,STD
WICKET,16178,9,2,STD
WICKET,16028,8,5,STD
WICKET,1162,8,2,STD
WICKET,16702,8,1,STD
WICKET,12013,8,4,STD
WICKET,16741,8,5,STD
WICKET,16974,8,4,STD
WICKET,16887,8,1,STD
WICKET,16314,8,3,STD
WICKET,16015,8,2,STD
WICKET,16885,8,4,STD
WICKET,16259,8,2,STD
WICKET,184,8,1,STD
WICKET,16042,8,4,STD
WICKET,16044,8,3,STD
WICKET,16241,8,3,STD
WICKET,15814,8,5,STD
WICKET,16067,8,2,STD
WICKET,16203,8,5,STD
WICKET,16158,8,2,STD
WICKET,15808,8,7,STD
WICKET,16200,8,3,STD
WICKET,16423,8,6,STD
WICKET,15796,8,2,STD
WICKET,16814,8,5,STD
WICKET,2003,8,6,STD
WICKET,2017,8,4,STD
WICKET,16223,7,4,STD
WICKET,12292,7,1,STD
WICKET,9017,7,5,STD
WICKET,16521,7,2,STD
WICKET,3207,7,4,STD
WICKET,16209,7,1,STD
WICKET,16946,7,2,STD
WICKET,3759,7,1,STD
WICKET,15742,7,3,STD
WICKET,15839,7,2,STD
WICKET,16421,7,3,STD
WICKET,16278,7,5,STD
WICKET,15726,7,5,STD
WICKET,15932,7,1,STD
WICKET,16405,7,4,STD
WICKET,16461,7,5,STD
WICKET,16245,7,3,STD
WICKET,16436,7,1,STD
WICKET,16049,7,6,STD
WICKET,2818,7,2,STD
WICKET,15692,7,1,STD
WICKET,16615,7,5,STD
WICKET,16298,7,4,STD
WICKET,17058,7,1,STD
WICKET,16165,7,2,STD
WICKET,16068,6,1,STD
WICKET,16160,6,1,STD
WICKET,16168,6,2,STD
WICKET,16202,6,2,STD
WICKET,16379,6,4,STD
WICKET,16371,6,3,STD
WICKET,16224,6,2,STD
WICKET,16363,6,2,STD
WICKET,17018,6,1,STD
WICKET,4621,6,4,STD
WICKET,4717,6,3,STD
WICKET,16262,6,3,STD
WICKET,16323,6,3,STD
WICKET,7185,6,2,STD
WICKET,7290,6,3,STD
WICKET,7525,6,3,STD
WICKET,9704,6,1,STD
WICKET,1344,6,5,STD
WICKET,1457,6,6,STD
WICKET,16919,6,1,STD
WICKET,14905,6,4,STD
WICKET,15020,6,3,STD
WICKET,15712,6,2,STD
WICKET,16842,6,4,STD
WICKET,15720,6,2,STD
WICKET,15735,6,2,STD
WICKET,15754,6,4,STD
WICKET,15830,6,2,STD
WICKET,15834,6,1,STD
WICKET,15840,6,4,STD
WICKET,15845,6,3,STD
WICKET,16736,6,4,STD
WICKET,16710,6,2,STD
WICKET,16693,6,1,STD
WICKET,15923,6,2,STD
WICKET,16683,6,2,STD
WICKET,2384,6,4,STD
WICKET,15936,6,3,STD
WICKET,2454,6,3,STD
WICKET,16672,6,4,STD
WICKET,16655,6,1,STD
WICKET,16605,6,4,STD
WICKET,16056,6,2,STD
WICKET,16074,6,4,STD
WICKET,16123,6,2,STD
WICKET,16135,6,5,STD
WICKET,16139,6,1,STD
WICKET,16141,6,1,STD
WICKET,15915,5,1,STD
WICKET,16096,5,1,STD
WICKET,16691,5,1,STD
WICKET,15939,5,3,STD
WICKET,15800,5,3,STD
WICKET,16578,5,5,STD
WICKET,15996,5,3,STD
WICKET,16207,5,1,STD
WICKET,4301,5,2,STD
WICKET,16060,5,2,STD
WICKET,15817,5,1,STD
WICKET,15902,5,4,STD
WICKET,16109,5,4,STD
WICKET,6011,5,2,STD
WICKET,6003,5,2,STD
WICKET,16355,5,4,STD
WICKET,16689,5,3,STD
WICKET,15854,5,2,STD
WICKET,16401,5,1,STD
WICKET,16368,5,3,STD
WICKET,3400,5,4,STD
WICKET,16466,5,1,STD
WICKET,15057,5,5,STD
WICKET,16450,5,4,STD
WICKET,16185,5,4,STD
WICKET,5947,5,4,STD
WICKET,16486,5,3,STD
WICKET,16134,5,2,STD
WICKET,16026,5,1,STD
WICKET,15998,5,1,STD
WICKET,17036,5,1,STD
WICKET,15765,5,3,STD
WICKET,385,5,1,STD
WICKET,15524,5,3,STD
WICKET,3182,5,3,STD
WICKET,16810,5,1,STD
WICKET,14932,5,1,STD
WICKET,5864,5,2,STD
WICKET,16322,5,3,STD
WICKET,16782,5,1,STD
WICKET,15889,5,3,STD
WICKET,16080,5,3,STD
WICKET,16760,5,2,STD
WICKET,15749,5,2,STD
WICKET,17003,5,4,STD
WICKET,16855,5,2,STD
WICKET,8256,5,3,STD
WICKET,16047,5,1,STD
WICKET,16708,5,1,STD
WICKET,15890,5,2,STD
WICKET,15733,5,3,STD
WICKET,15822,5,3,STD
WICKET,16089,5,3,STD
WICKET,16312,5,4,STD
WICKET,15815,5,1,STD
WICKET,5599,5,3,STD
WICKET,15987,5,1,STD
WICKET,16286,5,2,STD
WICKET,12214,5,4,STD
WICKET,16113,4,2,STD
WICKET,5956,4,2,STD
WICKET,16493,4,2,STD
WICKET,16410,4,2,STD
WICKET,16181,4,2,STD
WICKET,16427,4,3,STD
WICKET,16429,4,2,STD
WICKET,15960,4,1,STD
WICKET,15764,4,1,STD
WICKET,1736,4,3,STD
WICKET,1759,4,4,STD
WICKET,16311,4,2,STD
WICKET,15780,4,2,STD
WICKET,1468,4,4,STD
WICKET,3507,4,1,STD
WICKET,15688,4,2,STD
WICKET,15978,4,1,STD
WICKET,17055,4,2,STD
WICKET,1605,4,2,STD
WICKET,1363,4,1,STD
WICKET,15728,4,3,STD
WICKET,15990,4,1,STD
WICKET,16703,4,2,STD
WICKET,15686,4,1,STD
WICKET,16613,4,3,STD
WICKET,15828,4,1,STD
WICKET,16982,4,1,STD
WICKET,16868,4,1,STD
WICKET,3455,4,2,STD
WICKET,16010,4,2,STD
WICKET,16275,4,4,STD
WICKET,17088,4,1,STD
WICKET,16603,4,2,STD
WICKET,16784,4,1,STD
WICKET,610,4,3,STD
WICKET,16944,4,3,STD
WICKET,16765,4,2,STD
WICKET,16020,4,1,STD
WICKET,16269,4,2,STD
WICKET,16022,4,1,STD
WICKET,16593,4,4,STD
WICKET,15893,4,2,STD
WICKET,8716,4,4,STD
WICKET,16031,4,2,STD
WICKET,16260,4,1,STD
WICKET,7725,4,3,STD
WICKET,15905,4,2,STD
WICKET,16953,4,3,STD
WICKET,16255,4,2,STD
WICKET,16853,4,2,STD
WICKET,15714,4,3,STD
WICKET,15708,4,2,STD
WICKET,16164,4,2,STD
WICKET,16240,4,1,STD
WICKET,16350,4,2,STD
WICKET,4084,4,1,STD
WICKET,16553,4,1,STD
WICKET,15803,4,3,STD
WICKET,16231,4,2,STD
WICKET,16458,4,1,STD
WICKET,16535,4,2,STD
WICKET,16532,4,1,STD
WICKET,643,4,3,STD
WICKET,16528,4,1,STD
WICKET,16677,4,2,STD
WICKET,16083,4,2,STD
WICKET,15849,4,2,STD
WICKET,16962,4,4,STD
WICKET,16673,4,2,STD
WICKET,17049,4,2,STD
WICKET,15258,4,2,STD
WICKET,16175,4,1,STD
WICKET,15938,4,2,STD
WICKET,2479,4,1,STD
WICKET,15818,4,2,STD
WICKET,16472,4,1,STD
WICKET,15945,4,2,STD
WICKET,16670,4,1,STD
WICKET,16894,4,4,STD
WICKET,16192,4,2,STD
WICKET,15793,3,1,STD
WICKET,15727,3,3,STD
WICKET,15799,3,1,STD
WICKET,17067,3,3,STD
WICKET,16791,3,2,STD
WICKET,16845,3,2,STD
WICKET,15811,3,1,STD
WICKET,16783,3,2,STD
WICKET,15700,3,2,STD
WICKET,15816,3,2,STD
WICKET,15687,3,1,STD
WICKET,17111,3,1,STD
WICKET,15831,3,1,STD
WICKET,15684,3,1,STD
WICKET,15681,3,2,STD
WICKET,15837,3,3,STD
WICKET,15676,3,2,STD
WICKET,15841,3,1,STD
WICKET,17065,3,1,STD
WICKET,16476,3,2,STD
WICKET,16889,3,1,STD
WICKET,16746,3,1,STD
WICKET,16711,3,3,STD
WICKET,16157,3,2,STD
WICKET,16896,3,3,STD
WICKET,16932,3,1,STD
WICKET,15875,3,1,STD
WICKET,16937,3,2,STD
WICKET,12025,3,3,STD
WICKET,15882,3,1,STD
WICKET,16943,3,1,STD
WICKET,15885,3,2,STD
WICKET,15888,3,2,STD
WICKET,16945,3,1,STD
WICKET,16140,3,1,STD
WICKET,16692,3,1,STD
WICKET,15909,3,1,STD
WICKET,15910,3,2,STD
WICKET,15913,3,1,STD
WICKET,7150,3,3,STD
WICKET,15920,3,1,STD
WICKET,15921,3,1,STD
WICKET,15927,3,1,STD
WICKET,16176,3,1,STD
WICKET,16957,3,1,STD
WICKET,3588,3,2,STD
WICKET,15943,3,1,STD
WICKET,16965,3,2,STD
WICKET,5979,3,1,STD
WICKET,15956,3,1,STD
WICKET,16469,3,2,STD
WICKET,16977,3,2,STD
WICKET,15971,3,3,STD
WICKET,16651,3,1,STD
WICKET,16648,3,1,STD
WICKET,2546,3,2,STD
WICKET,17089,3,2,STD
WICKET,16639,3,2,STD
WICKET,2696,3,2,STD
WICKET,16301,3,2,STD
WICKET,15985,3,1,STD
WICKET,16293,3,1,STD
WICKET,16620,3,3,STD
WICKET,16616,3,1,STD
WICKET,16978,3,2,STD
WICKET,16607,3,3,STD
WICKET,16007,3,2,STD
WICKET,16009,3,3,STD
WICKET,16332,3,2,STD
WICKET,17046,3,1,STD
WICKET,16335,3,1,STD
WICKET,16272,3,1,STD
WICKET,16017,3,2,STD
WICKET,2877,3,2,STD
WICKET,16337,3,2,STD
WICKET,16025,3,1,STD
WICKET,16998,3,3,STD
WICKET,16582,3,2,STD
WICKET,16266,3,1,STD
WICKET,16033,3,2,STD
WICKET,16576,3,2,STD
WICKET,16036,3,1,STD
WICKET,16568,3,1,STD
WICKET,742,3,2,STD
WICKET,16342,3,1,STD
WICKET,16344,3,2,STD
WICKET,16345,3,2,STD
WICKET,16244,3,2,STD
WICKET,16346,3,1,STD
WICKET,16354,3,1,STD
WICKET,16558,3,2,STD
WICKET,16059,3,3,STD
WICKET,17009,3,3,STD
WICKET,16356,3,2,STD
WICKET,16542,3,2,STD
WICKET,16072,3,2,STD
WICKET,16075,3,3,STD
WICKET,16522,3,2,STD
WICKET,16081,3,1,STD
WICKET,16218,3,2,STD
WICKET,16217,3,1,STD
WICKET,16213,3,1,STD
WICKET,16372,3,1,STD
WICKET,16514,3,3,STD
WICKET,16512,3,1,STD
WICKET,16507,3,3,STD
WICKET,16098,3,1,STD
WICKET,16099,3,2,STD
WICKET,16100,3,2,STD
WICKET,16101,3,1,STD
WICKET,4241,3,3,STD
WICKET,16381,3,3,STD
WICKET,16504,3,2,STD
WICKET,16385,3,1,STD
WICKET,17019,3,2,STD
WICKET,16497,3,3,STD
WICKET,16116,3,3,STD
WICKET,16409,3,2,STD
WICKET,17037,3,1,STD
WICKET,16480,3,3,STD
WICKET,300,3,1,STD
WICKET,15775,3,1,STD
WICKET,15755,3,2,STD
WICKET,15750,3,1,STD
WICKET,17084,3,2,STD
WICKET,1992,3,1,STD
WICKET,15747,3,2,STD
WICKET,15788,3,1,STD
WICKET,15789,3,1,STD
WICKET,16817,3,2,STD
WICKET,16830,3,2,STD
WICKET,15730,3,1,STD
WICKET,17113,2,1,STD
WICKET,146,2,2,STD
WICKET,480,2,2,STD
WICKET,640,2,1,STD
WICKET,861,2,2,STD
WICKET,1232,2,2,STD
WICKET,1261,2,1,STD
WICKET,1476,2,1,STD
WICKET,1562,2,1,STD
WICKET,1715,2,1,STD
WICKET,1746,2,1,STD
WICKET,2022,2,1,STD
WICKET,2072,2,1,STD
WICKET,2187,2,2,STD
WICKET,2255,2,1,STD
WICKET,2672,2,1,STD
WICKET,2992,2,1,STD
WICKET,3424,2,2,STD
WICKET,3563,2,1,STD
WICKET,4919,2,1,STD
WICKET,6387,2,2,STD
WICKET,7545,2,1,STD
WICKET,7574,2,1,STD
WICKET,7620,2,1,STD
WICKET,7805,2,2,STD
WICKET,8162,2,1,STD
WICKET,8606,2,1,STD
WICKET,9011,2,1,STD
WICKET,9474,2,2,STD
WICKET,12029,2,1,STD
WICKET,13116,2,2,STD
WICKET,14000,2,1,STD
WICKET,14921,2,2,STD
WICKET,15603,2,2,STD
WICKET,15631,2,2,STD
WICKET,15680,2,1,STD
WICKET,15711,2,1,STD
WICKET,15725,2,2,STD
WICKET,15737,2,1,STD
WICKET,15743,2,1,STD
WICKET,15744,2,1,STD
WICKET,15761,2,2,STD
WICKET,15762,2,1,STD
WICKET,15769,2,2,STD
WICKET,15776,2,1,STD
WICKET,15782,2,1,STD
WICKET,15785,2,1,STD
WICKET,15790,2,2,STD
WICKET,15794,2,1,STD
WICKET,15797,2,1,STD
WICKET,15801,2,1,STD
WICKET,15826,2,2,STD
WICKET,15844,2,2,STD
WICKET,15853,2,1,STD
WICKET,15868,2,1,STD
WICKET,15869,2,1,STD
WICKET,15873,2,1,STD
WICKET,15884,2,1,STD
WICKET,15886,2,1,STD
WICKET,15900,2,1,STD
WICKET,15914,2,1,STD
WICKET,15930,2,1,STD
WICKET,15935,2,1,STD
WICKET,15937,2,1,STD
WICKET,15941,2,1,STD
WICKET,15952,2,1,STD
WICKET,15954,2,2,STD
WICKET,15955,2,1,STD
WICKET,15970,2,1,STD
WICKET,15977,2,1,STD
WICKET,15979,2,1,STD
WICKET,15981,2,1,STD
WICKET,15988,2,1,STD
WICKET,16003,2,1,STD
WICKET,16011,2,2,STD
WICKET,16014,2,1,STD
WICKET,16018,2,1,STD
WICKET,16032,2,2,STD
WICKET,16039,2,1,STD
WICKET,16046,2,1,STD
WICKET,16053,2,1,STD
WICKET,16063,2,1,STD
WICKET,16064,2,2,STD
WICKET,16077,2,1,STD
WICKET,16085,2,1,STD
WICKET,16087,2,2,STD
WICKET,16092,2,2,STD
WICKET,16105,2,1,STD
WICKET,16117,2,2,STD
WICKET,16119,2,1,STD
WICKET,16120,2,1,STD
WICKET,16133,2,1,STD
WICKET,16137,2,1,STD
WICKET,16142,2,1,STD
WICKET,16145,2,2,STD
WICKET,16146,2,2,STD
WICKET,16151,2,2,STD
WICKET,16155,2,2,STD
WICKET,16163,2,1,STD
WICKET,16169,2,2,STD
WICKET,16170,2,1,STD
WICKET,16172,2,2,STD
WICKET,16173,2,1,STD
WICKET,16182,2,1,STD
WICKET,16195,2,2,STD
WICKET,16201,2,1,STD
WICKET,16206,2,1,STD
WICKET,16219,2,1,STD
WICKET,16227,2,2,STD
WICKET,16232,2,1,STD
WICKET,16237,2,1,STD
WICKET,16243,2,2,STD
WICKET,16247,2,1,STD
WICKET,16249,2,1,STD
WICKET,16256,2,1,STD
WICKET,16258,2,1,STD
WICKET,16268,2,1,STD
WICKET,16271,2,1,STD
WICKET,16276,2,2,STD
WICKET,16287,2,2,STD
WICKET,16292,2,1,STD
WICKET,16294,2,1,STD
WICKET,16297,2,2,STD
WICKET,16318,2,1,STD
WICKET,16321,2,2,STD
WICKET,16326,2,2,STD
WICKET,16327,2,1,STD
WICKET,16328,2,1,STD
WICKET,16334,2,1,STD
WICKET,16336,2,1,STD
WICKET,16338,2,1,STD
WICKET,16353,2,1,STD
WICKET,16360,2,1,STD
WICKET,16377,2,2,STD
WICKET,16396,2,2,STD
WICKET,16402,2,1,STD
WICKET,16414,2,1,STD
WICKET,16425,2,2,STD
WICKET,16432,2,1,STD
WICKET,16434,2,1,STD
WICKET,16447,2,1,STD
WICKET,16454,2,1,STD
WICKET,16467,2,1,STD
WICKET,16477,2,2,STD
WICKET,16479,2,1,STD
WICKET,16491,2,2,STD
WICKET,16499,2,1,STD
WICKET,16501,2,2,STD
WICKET,16508,2,1,STD
WICKET,16526,2,2,STD
WICKET,16527,2,1,STD
WICKET,16529,2,1,STD
WICKET,16530,2,1,STD
WICKET,16540,2,2,STD
WICKET,16541,2,1,STD
WICKET,16543,2,2,STD
WICKET,16551,2,1,STD
WICKET,16556,2,1,STD
WICKET,16571,2,1,STD
WICKET,16588,2,1,STD
WICKET,16598,2,1,STD
WICKET,16599,2,2,STD
WICKET,16600,2,1,STD
WICKET,16601,2,2,STD
WICKET,16602,2,2,STD
WICKET,16608,2,2,STD
WICKET,16619,2,2,STD
WICKET,16628,2,1,STD
WICKET,16630,2,2,STD
WICKET,16631,2,2,STD
WICKET,16632,2,1,STD
WICKET,16640,2,2,STD
WICKET,16641,2,2,STD
WICKET,16645,2,2,STD
WICKET,16647,2,1,STD
WICKET,16657,2,1,STD
WICKET,16662,2,2,STD
WICKET,16669,2,2,STD
WICKET,16671,2,1,STD
WICKET,16675,2,1,STD
WICKET,16679,2,1,STD
WICKET,16688,2,1,STD
WICKET,16718,2,1,STD
WICKET,16734,2,1,STD
WICKET,16775,2,1,STD
WICKET,16779,2,1,STD
WICKET,16786,2,1,STD
WICKET,16788,2,1,STD
WICKET,16789,2,1,STD
WICKET,16796,2,1,STD
WICKET,16816,2,1,STD
WICKET,16836,2,2,STD
WICKET,16843,2,1,STD
WICKET,16851,2,2,STD
WICKET,16858,2,2,STD
WICKET,16872,2,1,STD
WICKET,16891,2,1,STD
WICKET,16892,2,1,STD
WICKET,16895,2,2,STD
WICKET,16898,2,1,STD
WICKET,16914,2,2,STD
WICKET,16928,2,1,STD
WICKET,16941,2,1,STD
WICKET,16942,2,1,STD
WICKET,16948,2,2,STD
WICKET,16949,2,1,STD
WICKET,16961,2,2,STD
WICKET,16966,2,1,STD
WICKET,16972,2,1,STD
WICKET,16981,2,1,STD
WICKET,16984,2,2,STD
WICKET,17001,2,1,STD
WICKET,17005,2,1,STD
WICKET,17010,2,1,STD
WICKET,17013,2,2,STD
WICKET,17016,2,2,STD
WICKET,17023,2,2,STD
WICKET,17026,2,1,STD
WICKET,17031,2,1,STD
WICKET,17050,2,1,STD
WICKET,17057,2,1,STD
WICKET,17059,2,1,STD
WICKET,17064,2,1,STD
WICKET,17079,2,1,STD
WICKET,17087,2,1,STD
WICKET,17094,2,1,STD
WICKET,17095,2,1,STD
WICKET,16451,1,1,STD
WICKET,16452,1,1,STD
WICKET,16453,1,1,STD
WICKET,1266,1,1,STD
WICKET,16161,1,1,STD
WICKET,16456,1,1,STD
WICKET,16457,1,1,STD
WICKET,16159,1,1,STD
WICKET,16459,1,1,STD
WICKET,16153,1,1,STD
WICKET,16150,1,1,STD
WICKET,16985,1,1,STD
WICKET,16148,1,1,STD
WICKET,16470,1,1,STD
WICKET,16147,1,1,STD
WICKET,16474,1,1,STD
WICKET,16136,1,1,STD
WICKET,16987,1,1,STD
WICKET,16478,1,1,STD
WICKET,5297,1,1,STD
WICKET,16131,1,1,STD
WICKET,16481,1,1,STD
WICKET,16483,1,1,STD
WICKET,16130,1,1,STD
WICKET,16124,1,1,STD
WICKET,16122,1,1,STD
WICKET,16490,1,1,STD
WICKET,5177,1,1,STD
WICKET,16492,1,1,STD
WICKET,16118,1,1,STD
WICKET,16495,1,1,STD
WICKET,16496,1,1,STD
WICKET,16114,1,1,STD
WICKET,16498,1,1,STD
WICKET,16991,1,1,STD
WICKET,16110,1,1,STD
WICKET,16992,1,1,STD
WICKET,16502,1,1,STD
WICKET,16107,1,1,STD
WICKET,16097,1,1,STD
WICKET,16993,1,1,STD
WICKET,16509,1,1,STD
WICKET,16510,1,1,STD
WICKET,16511,1,1,STD
WICKET,16095,1,1,STD
WICKET,16093,1,1,STD
WICKET,16517,1,1,STD
WICKET,16086,1,1,STD
WICKET,16079,1,1,STD
WICKET,16524,1,1,STD
WICKET,16525,1,1,STD
WICKET,16996,1,1,STD
WICKET,4933,1,1,STD
WICKET,16078,1,1,STD
WICKET,4926,1,1,STD
WICKET,17000,1,1,STD
WICKET,16531,1,1,STD
WICKET,16071,1,1,STD
WICKET,16533,1,1,STD
WICKET,16070,1,1,STD
WICKET,16538,1,1,STD
WICKET,620,1,1,STD
WICKET,4741,1,1,STD
WICKET,16069,1,1,STD
WICKET,17004,1,1,STD
WICKET,16545,1,1,STD
WICKET,16547,1,1,STD
WICKET,16550,1,1,STD
WICKET,17090,1,1,STD
WICKET,16552,1,1,STD
WICKET,16058,1,1,STD
WICKET,16554,1,1,STD
WICKET,17006,1,1,STD
WICKET,16055,1,1,STD
WICKET,16560,1,1,STD
WICKET,16561,1,1,STD
WICKET,16045,1,1,STD
WICKET,16038,1,1,STD
WICKET,16570,1,1,STD
WICKET,4475,1,1,STD
WICKET,16573,1,1,STD
WICKET,16035,1,1,STD
WICKET,16034,1,1,STD
WICKET,16579,1,1,STD
WICKET,16580,1,1,STD
WICKET,16030,1,1,STD
WICKET,16029,1,1,STD
WICKET,16584,1,1,STD
WICKET,17092,1,1,STD
WICKET,16589,1,1,STD
WICKET,16590,1,1,STD
WICKET,16591,1,1,STD
WICKET,16592,1,1,STD
WICKET,16027,1,1,STD
WICKET,16596,1,1,STD
WICKET,16597,1,1,STD
WICKET,17112,1,1,STD
WICKET,17014,1,1,STD
WICKET,236,1,1,STD
WICKET,4385,1,1,STD
WICKET,4195,1,1,STD
WICKET,16013,1,1,STD
WICKET,16002,1,1,STD
WICKET,16606,1,1,STD
WICKET,16001,1,1,STD
WICKET,4102,1,1,STD
WICKET,16610,1,1,STD
WICKET,15999,1,1,STD
WICKET,16614,1,1,STD
WICKET,15994,1,1,STD
WICKET,15992,1,1,STD
WICKET,17021,1,1,STD
WICKET,15991,1,1,STD
WICKET,16624,1,1,STD
WICKET,16625,1,1,STD
WICKET,16626,1,1,STD
WICKET,16627,1,1,STD
WICKET,17022,1,1,STD
WICKET,15986,1,1,STD
WICKET,17096,1,1,STD
WICKET,17024,1,1,STD
WICKET,17099,1,1,STD
WICKET,16633,1,1,STD
WICKET,16634,1,1,STD
WICKET,16635,1,1,STD
WICKET,15984,1,1,STD
WICKET,16637,1,1,STD
WICKET,15980,1,1,STD
WICKET,17027,1,1,STD
WICKET,17028,1,1,STD
WICKET,16642,1,1,STD
WICKET,16643,1,1,STD
WICKET,17029,1,1,STD
WICKET,17030,1,1,STD
WICKET,15975,1,1,STD
WICKET,15974,1,1,STD
WICKET,16654,1,1,STD
WICKET,15962,1,1,STD
WICKET,16656,1,1,STD
WICKET,17100,1,1,STD
WICKET,16658,1,1,STD
WICKET,15957,1,1,STD
WICKET,17033,1,1,STD
WICKET,16664,1,1,STD
WICKET,16667,1,1,STD
WICKET,16668,1,1,STD
WICKET,17035,1,1,STD
WICKET,15946,1,1,STD
WICKET,3987,1,1,STD
WICKET,15944,1,1,STD
WICKET,15934,1,1,STD
WICKET,3777,1,1,STD
WICKET,15933,1,1,STD
WICKET,15928,1,1,STD
WICKET,16678,1,1,STD
WICKET,17038,1,1,STD
WICKET,16680,1,1,STD
WICKET,16681,1,1,STD
WICKET,15926,1,1,STD
WICKET,16685,1,1,STD
WICKET,17040,1,1,STD
WICKET,15922,1,1,STD
WICKET,16690,1,1,STD
WICKET,15919,1,1,STD
WICKET,15907,1,1,STD
WICKET,15899,1,1,STD
WICKET,15887,1,1,STD
WICKET,16695,1,1,STD
WICKET,16696,1,1,STD
WICKET,16697,1,1,STD
WICKET,16698,1,1,STD
WICKET,16699,1,1,STD
WICKET,16700,1,1,STD
WICKET,16701,1,1,STD
WICKET,15883,1,1,STD
WICKET,15877,1,1,STD
WICKET,15876,1,1,STD
WICKET,16705,1,1,STD
WICKET,16706,1,1,STD
WICKET,16707,1,1,STD
WICKET,15867,1,1,STD
WICKET,16709,1,1,STD
WICKET,15865,1,1,STD
WICKET,15864,1,1,STD
WICKET,16712,1,1,STD
WICKET,16713,1,1,STD
WICKET,16715,1,1,STD
WICKET,16717,1,1,STD
WICKET,17041,1,1,STD
WICKET,16719,1,1,STD
WICKET,16720,1,1,STD
WICKET,16721,1,1,STD
WICKET,16724,1,1,STD
WICKET,16726,1,1,STD
WICKET,16728,1,1,STD
WICKET,16729,1,1,STD
WICKET,16732,1,1,STD
WICKET,17043,1,1,STD
WICKET,15863,1,1,STD
WICKET,16737,1,1,STD
WICKET,16740,1,1,STD
WICKET,15860,1,1,STD
WICKET,16742,1,1,STD
WICKET,16743,1,1,STD
WICKET,16745,1,1,STD
WICKET,15858,1,1,STD
WICKET,16747,1,1,STD
WICKET,16748,1,1,STD
WICKET,15856,1,1,STD
WICKET,16751,1,1,STD
WICKET,16753,1,1,STD
WICKET,15855,1,1,STD
WICKET,15852,1,1,STD
WICKET,16757,1,1,STD
WICKET,16758,1,1,STD
WICKET,16759,1,1,STD
WICKET,15847,1,1,STD
WICKET,15835,1,1,STD
WICKET,15832,1,1,STD
WICKET,16767,1,1,STD
WICKET,16768,1,1,STD
WICKET,16769,1,1,STD
WICKET,16770,1,1,STD
WICKET,15821,1,1,STD
WICKET,16772,1,1,STD
WICKET,16773,1,1,STD
WICKET,16774,1,1,STD
WICKET,17044,1,1,STD
WICKET,16776,1,1,STD
WICKET,17045,1,1,STD
WICKET,15820,1,1,STD
WICKET,16781,1,1,STD
WICKET,15819,1,1,STD
WICKET,15813,1,1,STD
WICKET,15810,1,1,STD
WICKET,2845,1,1,STD
WICKET,16787,1,1,STD
WICKET,17047,1,1,STD
WICKET,2420,1,1,STD
WICKET,16790,1,1,STD
WICKET,15806,1,1,STD
WICKET,16792,1,1,STD
WICKET,15802,1,1,STD
WICKET,17101,1,1,STD
WICKET,16797,1,1,STD
WICKET,15795,1,1,STD
WICKET,15786,1,1,STD
WICKET,15778,1,1,STD
WICKET,16805,1,1,STD
WICKET,16809,1,1,STD
WICKET,15773,1,1,STD
WICKET,15772,1,1,STD
WICKET,15770,1,1,STD
WICKET,16813,1,1,STD
WICKET,15753,1,1,STD
WICKET,15751,1,1,STD
WICKET,17051,1,1,STD
WICKET,15746,1,1,STD
WICKET,15741,1,1,STD
WICKET,16819,1,1,STD
WICKET,16820,1,1,STD
WICKET,16821,1,1,STD
WICKET,16822,1,1,STD
WICKET,16825,1,1,STD
WICKET,15740,1,1,STD
WICKET,16828,1,1,STD
WICKET,16829,1,1,STD
WICKET,15738,1,1,STD
WICKET,17052,1,1,STD
WICKET,15722,1,1,STD
WICKET,15713,1,1,STD
WICKET,2304,1,1,STD
WICKET,15707,1,1,STD
WICKET,16848,1,1,STD
WICKET,16849,1,1,STD
WICKET,2127,1,1,STD
WICKET,16852,1,1,STD
WICKET,15702,1,1,STD
WICKET,16854,1,1,STD
WICKET,15696,1,1,STD
WICKET,16856,1,1,STD
WICKET,17056,1,1,STD
WICKET,16859,1,1,STD
WICKET,16861,1,1,STD
WICKET,15694,1,1,STD
WICKET,16864,1,1,STD
WICKET,16865,1,1,STD
WICKET,16867,1,1,STD
WICKET,15685,1,1,STD
WICKET,16869,1,1,STD
WICKET,16871,1,1,STD
WICKET,17103,1,1,STD
WICKET,16873,1,1,STD
WICKET,16875,1,1,STD
WICKET,16877,1,1,STD
WICKET,16878,1,1,STD
WICKET,16881,1,1,STD
WICKET,16882,1,1,STD
WICKET,16883,1,1,STD
WICKET,16884,1,1,STD
WICKET,15675,1,1,STD
WICKET,15349,1,1,STD
WICKET,16888,1,1,STD
WICKET,15145,1,1,STD
WICKET,2121,1,1,STD
WICKET,17104,1,1,STD
WICKET,15119,1,1,STD
WICKET,17061,1,1,STD
WICKET,14765,1,1,STD
WICKET,16897,1,1,STD
WICKET,17062,1,1,STD
WICKET,16901,1,1,STD
WICKET,16903,1,1,STD
WICKET,14754,1,1,STD
WICKET,16906,1,1,STD
WICKET,16908,1,1,STD
WICKET,16909,1,1,STD
WICKET,16911,1,1,STD
WICKET,16912,1,1,STD
WICKET,16913,1,1,STD
WICKET,17063,1,1,STD
WICKET,16916,1,1,STD
WICKET,16917,1,1,STD
WICKET,14150,1,1,STD
WICKET,16920,1,1,STD
WICKET,16922,1,1,STD
WICKET,16924,1,1,STD
WICKET,16925,1,1,STD
WICKET,16926,1,1,STD
WICKET,16927,1,1,STD
WICKET,17107,1,1,STD
WICKET,14146,1,1,STD
WICKET,16930,1,1,STD
WICKET,16931,1,1,STD
WICKET,13838,1,1,STD
WICKET,16933,1,1,STD
WICKET,16936,1,1,STD
WICKET,12056,1,1,STD
WICKET,16939,1,1,STD
WICKET,16940,1,1,STD
WICKET,2081,1,1,STD
WICKET,2026,1,1,STD
WICKET,11644,1,1,STD
WICKET,9319,1,1,STD
WICKET,9090,1,1,STD
WICKET,8695,1,1,STD
WICKET,17071,1,1,STD
WICKET,17074,1,1,STD
WICKET,8300,1,1,STD
WICKET,7214,1,1,STD
WICKET,7184,1,1,STD
WICKET,16955,1,1,STD
WICKET,16306,1,1,STD
WICKET,16300,1,1,STD
WICKET,16296,1,1,STD
WICKET,16315,1,1,STD
WICKET,16316,1,1,STD
WICKET,16956,1,1,STD
WICKET,16320,1,1,STD
WICKET,7107,1,1,STD
WICKET,16291,1,1,STD
WICKET,16290,1,1,STD
WICKET,16288,1,1,STD
WICKET,16325,1,1,STD
WICKET,16960,1,1,STD
WICKET,17108,1,1,STD
WICKET,7063,1,1,STD
WICKET,16282,1,1,STD
WICKET,16274,1,1,STD
WICKET,16963,1,1,STD
WICKET,16273,1,1,STD
WICKET,6252,1,1,STD
WICKET,16270,1,1,STD
WICKET,17083,1,1,STD
WICKET,16267,1,1,STD
WICKET,16340,1,1,STD
WICKET,16261,1,1,STD
WICKET,16252,1,1,STD
WICKET,16343,1,1,STD
WICKET,16251,1,1,STD
WICKET,16250,1,1,STD
WICKET,16238,1,1,STD
WICKET,16347,1,1,STD
WICKET,16348,1,1,STD
WICKET,16236,1,1,STD
WICKET,16351,1,1,STD
WICKET,16970,1,1,STD
WICKET,16235,1,1,STD
WICKET,16230,1,1,STD
WICKET,16229,1,1,STD
WICKET,16226,1,1,STD
WICKET,1978,1,1,STD
WICKET,16361,1,1,STD
WICKET,16362,1,1,STD
WICKET,16225,1,1,STD
WICKET,16365,1,1,STD
WICKET,16366,1,1,STD
WICKET,16367,1,1,STD
WICKET,16222,1,1,STD
WICKET,16369,1,1,STD
WICKET,16220,1,1,STD
WICKET,16211,1,1,STD
WICKET,16210,1,1,STD
WICKET,16373,1,1,STD
WICKET,16375,1,1,STD
WICKET,16376,1,1,STD
WICKET,16973,1,1,STD
WICKET,16208,1,1,STD
WICKET,16197,1,1,STD
WICKET,16382,1,1,STD
WICKET,16384,1,1,STD
WICKET,16196,1,1,STD
WICKET,16386,1,1,STD
WICKET,16387,1,1,STD
WICKET,16388,1,1,STD
WICKET,16193,1,1,STD
WICKET,16390,1,1,STD
WICKET,16395,1,1,STD
WICKET,5710,1,1,STD
WICKET,16399,1,1,STD
WICKET,16191,1,1,STD
WICKET,5609,1,1,STD
WICKET,16190,1,1,STD
WICKET,16406,1,1,STD
WICKET,16188,1,1,STD
WICKET,16187,1,1,STD
WICKET,16186,1,1,STD
WICKET,16411,1,1,STD
WICKET,16412,1,1,STD
WICKET,16413,1,1,STD
WICKET,5550,1,1,STD
WICKET,16415,1,1,STD
WICKET,16420,1,1,STD
WICKET,16184,1,1,STD
WICKET,16183,1,1,STD
WICKET,16424,1,1,STD
WICKET,16980,1,1,STD
WICKET,16426,1,1,STD
WICKET,16180,1,1,STD
WICKET,16428,1,1,STD
WICKET,16179,1,1,STD
WICKET,16431,1,1,STD
WICKET,522,1,1,STD
WICKET,5548,1,1,STD
WICKET,16435,1,1,STD
WICKET,16177,1,1,STD
WICKET,16171,1,1,STD
WICKET,16439,1,1,STD
WICKET,16441,1,1,STD
WICKET,16442,1,1,STD
WICKET,16443,1,1,STD
WICKET,16444,1,1,STD
WICKET,16446,1,1,STD
WICKET,16983,1,1,STD
WICKET,16448,1,1,STD
WICKET,16162,1,1,STD
